Site Name,URL
0011 s.r.o.,http://0011.sk
01coin,https://01coin.io/
01 Exchange,https://01.xyz/
01No.de,https://01node.com/
01People,https://01people.com
01 Protocol,https://01protocol.com/
01 Synergy,https://www.01synergy.com
0.7,http://www.zeropointseven.io/
0bsnetwork,http://0bsnetwork.com
0n1 Force,https://www.0n1force.com/
0VIX,https://www.0vix.com/
0x,https://www.0x.org/
0X0CAT,https://www.0x0.cat
0xA Technologies,http://0xa.co.uk
0xbchain,https://0xbchain.de
0xCapital,https://www.0xcapital.com
0xcert,https://0xcert.org/
0xclub,https://oxclub.io/
0xDAO,https://www.oxdao.fi/
0xFrens,https://www.0xfrens.xyz/
0xGames,https://0x.games
0xMonero,https://0xmonero.com/
0xmons,https://0xmons.xyz/
0x_nodes,https://www.0xnodes.io/
0x Society,https://0xsociety.com
0xSplits,https://www.0xsplits.xyz/
0xWallet Token,https://0xwallet.net
1000blocks.space,https://1000blocks.space
100&100 Venture Capital,http://100and100capital.com/
100 Days Ventures,https://100daysventures.com/
100 Ladrillos,https://www.100ladrillos.com/
100Pay,https://100pay.co
100x,https://www.100x.group/
100X Advisors,https://100xadvisors.com
101,https://101.xyz/
101 Blockchains,https://101blockchains.com
1021 AI,http://1021.ai
10mb,https://10mb.finance
10xDNA Capital Partners,https://10xdna.com/de/
10XIT,https://10xit.io
10xNode,https://10xnode.com/
10XTS,https://10xts.com
111PG,https://111pg.io/
11Metaverse,https://11metaverse.io/
123c Consulting MB,https://123consulting.eu
123swap.finance,https://123swap.finance
12Ships,http://12ships.com/
17tons.earth,https://17tons.earth
1-800-WEB3,https://1800web3.onuniverse.com/
1ATH.Studio,https://1ath.studio
1BCH,https://1bch.com/
1Beam,https://1beam.io/
1Bitcoin.ca,https://1bitcoin.ca
1Block,https://1block.io
1BOX,https://www.1boxnft.com/
1Click Games,https://1clickgames.com
1COIN Assets,https://1coin.io
1DigitalNexus,http://www.1diginexus.com.au
1Doge,https://1doge.io/
1exchange,http://1x.exchange
1Hive,https://1hive.org/
1ID,https://1idgroup.com
1inch Network,https://1inch.io/
1irstcoin,https://www.1irstcoin.com/
1Konto,https://prod.1konto.com/
1Million,https://www.1milliontoken.org/
1MillionNFTs,https://near.1mlnnfts.com/
1move,https://1move.io/
1Nance,https://www.1nance.com/
1PAR Research,https://1par.com
1peco,https://www.1eco.io/
1SEC,http://1sec.world/
1Signhash,http://www.onesignhash.sg
1Sol,https://1sol.io/
1stDibs,https://www.1stdibs.com/nft-collections/
1Token,https://1token.tech
1transfer,http://1transfer.io
1TRONIC,http://1tronic.io/
1UNi,http://1uni.net
1UP,https://1up.world/
1-UP,https://1-up.fun/
1World,https://ico.1worldonline.com/
1World Online,http://1worldonline.com
2022MOON,https://www.2022moon.com/
2044 Nuclear Apocalypse,https://2044.io/
21bitcoin,https://21bitcoin.app
21.co ,https://www.21.co/
21CT Research,https://www.21ctresearch.com
21 Lectures,https://www.21lectures.com
21mining,https://21mining.com/
21Shares,https://21shares.com/
22X Fund,http://www.22xfund.com
23andMe,https://23andme.com
24/7 BlockLabs,https://247blocklabs.com/
,
24Bitcoinpay,https://www.24bitcoinpay.com
2.5 Intelligence,https://2.5.dev/
2ACoin,https://www.2acoin.org/
2Base Technologies,http://www.2basetechnologies.com
2Cents Audio,http://2cents.audio
2Crazy NFT,https://www.2crazynft.com/
2Digit,http://2digit.io
2EX Technology,https://2ex.technology
2gather,https://www.2-gather.com/
2G Carbon Coin,https://www.2gcc.eu
2gether,https://www.2gether.global/
2GoTrade,http://www.2gotrade.com/en_index.php
2key Network,https://www.2key.network/
2local,https://2local.io/
2Miners,https://2miners.com
2MR Labs,https://www.2mrlabs.com/
2nd Market,http://2ndmarket.com.br
2omb,https://2omb.finance/
2PI,https://2pi.network/
2RedBeans,http://2redbeans.com
2TM,https://www.2tmgroup.com/
2Tokens,https://www.2tokens.org/
300cubits,https://www.300cubits.tech
302 Interactive,http://302interactive.com
3080 Research & Analytics,https://3080ra.ltd
316VC,https://www.316vc.com
31Qu,http://www.31qu.cn
31Third Protocol,https://31third.com/
333D,http://333d.co
33eleven,http://33elevenpartners.com
"360 Mining, Inc.",https://www.360mining.com/
365Agency.io,https://www.365agency.io
37Coins,https://www.37coins.com/
37xDubai,https://37xdubai.com/
3Air,https://3air.io
3Blocks,https://www.3blocks.io/
3BX,http://booksbeatsbox.com
3Commas,https://3commas.io/
3Cubed Search,http://3cubed.tech
3DCerts Private Limited,http://3dcerts.com
3dev,https://3dev.io
3DGG,https://www.3dgamersguild.io/
3D Houdini,https://www.3dhoudini.com/
3D Roomspace,https://www.3droomspace.com
3D-T,https://www.3d-t.it/
3ID Connect,https://github.com/ceramicstudio/3id-connect
3IPK,http://www.3ipk.com
Jan3,https://jan3.com/
3Landers,https://3landersnft.com/
3mint,https://www.3mint.io/
3P Creative Group,https://www.3pcreativegroup.com/
3QT,https://3quality.net/
3RM,https://www.3rm.co/
3six9,https://3six9.space/
3Waves.io,http://3waves.io
3x1010 s.r.l.,http://3x1010.it
3x4art,https://3x4.art/
3XR,https://www.3xr.space/
4170 Trading,https://www.4170.trading/
42-coin,https://42-coin.org/
42 Studio,https://42studio.io/
433Token,http://433token.io
482.solutions,https://482.solutions
48hr,https://48hr.com
4ARTechnologies AG,https://www.4art-technologies.com
4Bulls,https://4bulls.com
4Bytes,https://4bytes.io/
4CADIA Factory,https://4cadia.com
4C Trading,https://4c-trading.com/about-4c-trading/
4Everland,https://www.4everland.org/
4eyes,https://www.4eyes.ch/
4INT,https://www.forintfinance.com/
4IRE labs,http://4irelabs.com/
4K.COM,http://4k.com/
4 Meta World,https://www.4meta.world
4NTS Guild,https://nearguilds.com/
4soft,https://4soft.co
4-Soft,https://4-soft.com
4storm,http://www.4-storm.com
4thTech,https://4thtech.io/
51ASIC,http://51asic.ru/
555 Comic,https://555comic.com/
5D World,https://5dworld.com
5EVO,https://5evo.com
5ire,https://www.5ire.org/
5iveTech Recruitment,https://www.5ivetech.co.uk
5KM,https://5km.today
5KM RUN,https://5km.app
5Star,https://5star-coin.com/
5ufarm,http://5ufarm.com
5X5 Gaming,https://www.5x5gaming.com
6Side Technologies Inc.,http://gifterextension.com
727 Ventures,https://727.ventures/
75Bit,https://75bit.com
777 Jackpot,https://777coin.win/
7CC Blockchain Investments,https://7ccinvest.com
7QUBES,https://www.7qubes.com
7Seconds,http://www.7seconds.io
7th Ave,https://www.pullupon7th.com
80bots,https://80bots.com
888tron,https://888tron.com
88 Bitcoin Dice,http://www.88bitcoindice.com
88i,https://88i.io/
88mph,https://88mph.app/
8.Finance,https://landing.8.finance/
