name,url
0011 s.r.o.,https://edgein.io/companies/0011-sro/
01coinZOC,https://edgein.io/companies/01coin/
01 Exchange,https://edgein.io/companies/01-exchange/
01No.de,https://edgein.io/companies/01no-de/
01People,https://edgein.io/companies/01people/
01 Protocol,https://edgein.io/companies/01-protocol/
01 Synergy,https://edgein.io/companies/01-synergy/
0.7,https://edgein.io/companies/0-7/
0bsnetwork,https://edgein.io/companies/0bsnetwork/
0n1 Force,https://edgein.io/companies/0n1-force/
0VIX,https://edgein.io/companies/0vix/
0xZRX,https://edgein.io/companies/0x/
0X0CAT,https://edgein.io/companies/0x0cat/
0xA Technologies,https://edgein.io/companies/0xa-technologies/
0xbchain,https://edgein.io/companies/0xbchain/
0xCapital,https://edgein.io/companies/0xcapital/
0xcertZXC,https://edgein.io/companies/0xcert/
0xclub,https://edgein.io/companies/0xclub/
0xDAOOXSOLID,https://edgein.io/companies/0xdao/
0xFrens,https://edgein.io/companies/0xfrens/
0xGames,https://edgein.io/companies/0xgames/
0xMonero0XMR,https://edgein.io/companies/0xmonero/
0xmonsXMON,https://edgein.io/companies/0xmons/
0x_nodesBIOS,https://edgein.io/companies/0x_nodes/
0x Society,https://edgein.io/companies/0x-society/
0xSplits,https://edgein.io/companies/0xsplits/
0xWallet Token0XW,https://edgein.io/companies/0xwallet-token/
1000blocks.spaceBLS,https://edgein.io/companies/1000blocks.space
100&100 Venture Capital,https://edgein.io/companies/100&100-venture-capital/
100 Days VenturesASTRO,https://edgein.io/companies/100-days-ventures/
100 Ladrillos,https://edgein.io/companies/100-ladrillos/
100Pay,https://edgein.io/companies/100pay/
100x,https://edgein.io/companies/100x/
100X Advisors,https://edgein.io/companies/100x-advisors/
101,https://edgein.io/companies/101/
101 Blockchains,https://edgein.io/companies/101-blockchains/
1021 AI,https://edgein.io/companies/1021-ai/
10mb10SHARE,https://edgein.io/companies/10mb/
10xDNA Capital Partners,https://edgein.io/companies/10xdna-capital-partners/
10XIT,https://edgein.io/companies/10xit/
10xNode,https://edgein.io/companies/10xnode/
10XTS,https://edgein.io/companies/10xts/
111PG,https://edgein.io/companies/111pg/
11Metaverse,https://edgein.io/companies/11metaverse/
123c Consulting MB,https://edgein.io/companies/123c-consulting-mb/
123swap.finance,https://edgein.io/companies/123swap.finance
12ShipsTSHP,https://edgein.io/companies/12ships/
17tons.earth,https://edgein.io/companies/17tons.earth
1-800-WEB3,https://edgein.io/companies/1-800-web3/
1ATH.Studio,https://edgein.io/companies/1ath.studio
1BCH1BCH,https://edgein.io/companies/1bch/
1Beam,https://edgein.io/companies/1beam/
1Bitcoin.ca,https://edgein.io/companies/1bitcoin.ca
1Block,https://edgein.io/companies/1block/
1BOX1BOX,https://edgein.io/companies/1box/
1Click Games,https://edgein.io/companies/1click-games/
1COIN Assets,https://edgein.io/companies/1coin-assets/
1DigitalNexus,https://edgein.io/companies/1digitalnexus/
1Doge1DOGE,https://edgein.io/companies/1doge/
1exchange,https://edgein.io/companies/1exchange/
1HiveHNY,https://edgein.io/companies/1hive/
1ID,https://edgein.io/companies/1id/
1inch Network,https://edgein.io/companies/1inch-network/
1irstcoin,https://edgein.io/companies/1irstcoin/
1Konto,https://edgein.io/companies/1konto/
1Million1MT,https://edgein.io/companies/1million/
1MillionNFTs1MIL,https://edgein.io/companies/1millionnfts/
1move,https://edgein.io/companies/1move/
1Nance,https://edgein.io/companies/1nance/
1PAR Research,https://edgein.io/companies/1par-research/
1peco1PECO,https://edgein.io/companies/1peco/
1SEC,https://edgein.io/companies/1sec/
1Signhash,https://edgein.io/companies/1signhash/
1Sol1SOL,https://edgein.io/companies/1sol/
1stDibs,https://edgein.io/companies/1stdibs/
1Token,https://edgein.io/companies/1token/
1transfer,https://edgein.io/companies/1transfer/
1TRONIC1TRC,https://edgein.io/companies/1tronic/
1UNi,https://edgein.io/companies/1uni/
1UP,https://edgein.io/companies/1up/
1-UP1-UP,https://edgein.io/companies/1-up/
1World1WO,https://edgein.io/companies/1world/
1World Online,https://edgein.io/companies/1world-online/
2022MOON2022M,https://edgein.io/companies/2022moon/
2044 Nuclear Apocalypse2044,https://edgein.io/companies/2044-nuclear-apocalypse/
21bitcoin,https://edgein.io/companies/21bitcoin/
21.co ,https://edgein.io/companies/21-co/
21CT Research,https://edgein.io/companies/21ct-research/
21 Lectures,https://edgein.io/companies/21-lectures/
21mining,https://edgein.io/companies/21mining/
21Shares,https://edgein.io/companies/21shares/
22X Fund,https://edgein.io/companies/22x-fund/
23andMe,https://edgein.io/companies/23andme/
24/7 BlockLabs,https://edgein.io/companies/24-7-blocklabs/
24/7 Crypto News,https://edgein.io/companies/24/7-crypto-news/
24Bitcoinpay,https://edgein.io/companies/24bitcoinpay/
2.5 Intelligence,https://edgein.io/companies/2.5-intelligence
2ACoinARMS,https://edgein.io/companies/2acoin/
2Base Technologies,https://edgein.io/companies/2base-technologies/
2Cents Audio,https://edgein.io/companies/2cents-audio/
2Crazy NFT2CRZ,https://edgein.io/companies/2crazy-nft/
2Digit,https://edgein.io/companies/2digit/
2EX Technology,https://edgein.io/companies/2ex-technology/
2gatherTWO,https://edgein.io/companies/2gather/
2G Carbon Coin2GCC,https://edgein.io/companies/2g-carbon-coin/
2gether,https://edgein.io/companies/2gether/
2GoTrade,https://edgein.io/companies/2gotrade/
2key Network2KEY,https://edgein.io/companies/2key-network/
2local2LC,https://edgein.io/companies/2local/
2Miners,https://edgein.io/companies/2miners/
2MR Labs,https://edgein.io/companies/2mr-labs/
2nd Market,https://edgein.io/companies/2nd-market/
2omb,https://edgein.io/companies/2omb/
2PI,https://edgein.io/companies/2pi/
2RedBeans,https://edgein.io/companies/2redbeans/
2TM,https://edgein.io/companies/2tm/
2Tokens,https://edgein.io/companies/2tokens/
300cubits,https://edgein.io/companies/300cubits/
302 Interactive,https://edgein.io/companies/302-interactive/
3080 Research & Analytics,https://edgein.io/companies/3080-research-&-analytics/
316VC,https://edgein.io/companies/316vc/
31Qu,https://edgein.io/companies/31qu/
31Third Protocol,https://edgein.io/companies/31third-protocol/
333D,https://edgein.io/companies/333d/
33eleven,https://edgein.io/companies/33eleven/
"360 Mining, Inc.",https://edgein.io/companies/360-mining-inc/
365Agency.io,https://edgein.io/companies/365agency.io
37Coins,https://edgein.io/companies/37coins/
37xDubai,https://edgein.io/companies/37xdubai/
3Air,https://edgein.io/companies/3air/
3Blocks,https://edgein.io/companies/3blocks/
3BX,https://edgein.io/companies/3bx/
3Commas,https://edgein.io/companies/3commas/
3Cubed Search,https://edgein.io/companies/3cubed-search/
3DCerts Private Limited,https://edgein.io/companies/3dcerts-private-limited/
3dev,https://edgein.io/companies/3dev/
3DGG,https://edgein.io/companies/3dgg/
3D Houdini3DC,https://edgein.io/companies/3d-houdini/
3D Roomspace,https://edgein.io/companies/3d-roomspace/
3D-T,https://edgein.io/companies/3d-t/
3ID Connect,https://edgein.io/companies/3id-connect/
3IPK,https://edgein.io/companies/3ipk/
Jan3,https://edgein.io/companies/3-jan/
3Landers,https://edgein.io/companies/3landers/
3mint,https://edgein.io/companies/3mint/
3P Creative Group,https://edgein.io/companies/3p-creative-group/
3QT3QT,https://edgein.io/companies/3qt/
3RM,https://edgein.io/companies/3rm/
3six9,https://edgein.io/companies/3six9/
3Waves.io,https://edgein.io/companies/3waves.io
3x1010 s.r.l.,https://edgein.io/companies/3x1010-s.r.l.
3x4art,https://edgein.io/companies/3x4art/
3XR,https://edgein.io/companies/3xr/
4170 Trading,https://edgein.io/companies/4170-trading/
42-coin42,https://edgein.io/companies/42-coin/
42 Studio,https://edgein.io/companies/42-studio/
433Token,https://edgein.io/companies/433token/
482.solutions,https://edgein.io/companies/482.solutions
48hr,https://edgein.io/companies/48hr/
4ARTechnologies AG4ART,https://edgein.io/companies/4artechnologies-ag/
4Bulls4B,https://edgein.io/companies/4bulls/
4Bytes,https://edgein.io/companies/4bytes/
4CADIA Factory,https://edgein.io/companies/4cadia-factory/
4C Trading,https://edgein.io/companies/4c-trading/
4Everland,https://edgein.io/companies/4everland/
4eyes,https://edgein.io/companies/4eyes/
4INT4INT,https://edgein.io/companies/4int/
4IRE labs,https://edgein.io/companies/4ire-labs/
4K.COM,https://edgein.io/companies/4kcom/
4 Meta World4MW,https://edgein.io/companies/4-meta-world/
4NTS Guild,https://edgein.io/companies/4nts-guild/
4soft,https://edgein.io/companies/4soft/
4-Soft4STC,https://edgein.io/companies/4-soft/
4storm,https://edgein.io/companies/4storm/
4thTechFOUR,https://edgein.io/companies/4thtech/
51ASIC,https://edgein.io/companies/51asic/
555 Comic,https://edgein.io/companies/555-comic/
5D World,https://edgein.io/companies/5d-world/
5EVO,https://edgein.io/companies/5evo/
5ire5IRE,https://edgein.io/companies/5ire/
5iveTech Recruitment,https://edgein.io/companies/5ivetech-recruitment/
5KMKMT,https://edgein.io/companies/5km/
5KM RUNRUN,https://edgein.io/companies/5km-run/
5Star5STAR,https://edgein.io/companies/5star/
5ufarm,https://edgein.io/companies/5ufarm/
5X5 Gaming,https://edgein.io/companies/5x5-gaming/
6Side Technologies Inc.,https://edgein.io/companies/6side-technologies-inc./
6x.com,https://edgein.io/companies/6x.com
727 Ventures,https://edgein.io/companies/727-ventures/
75Bit,https://edgein.io/companies/75bit/
777 Jackpot777,https://edgein.io/companies/777-jackpot/
7CC Blockchain Investments,https://edgein.io/companies/7cc-blockchain-investments/
7QUBES,https://edgein.io/companies/7qubes/
7Seconds,https://edgein.io/companies/7seconds/
7th Ave,https://edgein.io/companies/7th-ave/
80bots,https://edgein.io/companies/80bots/
888tron888,https://edgein.io/companies/888tron/
88 Bitcoin Dice,https://edgein.io/companies/88-bitcoin-dice/
88i,https://edgein.io/companies/88i/
88mphMPH,https://edgein.io/companies/88mph/
8.Finance8F,https://edgein.io/companies/8-finance/
8ight Finance,https://edgein.io/companies/8ight-finance/
8liens NFT,https://edgein.io/companies/8liens-nft/
8of9,https://edgein.io/companies/8of9/
8Pay8PAY,https://edgein.io/companies/8pay/
8SIAN,https://edgein.io/companies/8sian/
8 Strains Inc.,https://edgein.io/companies/8-strains-inc/
8XR,https://edgein.io/companies/8xr/
99Bitcoins,https://edgein.io/companies/99bitcoins/
99bros,https://edgein.io/companies/99bros/
99Defi99DEFI,https://edgein.io/companies/99defi/
99LogiTech (Pvt) Ltd,https://edgein.io/companies/99logitech-pvt-ltd/
99StarzSTZ,https://edgein.io/companies/99starz/
9dcc,https://edgein.io/companies/9dcc/
9D NFTCOD,https://edgein.io/companies/9d-nft/
9Tales,https://edgein.io/companies/9tales/
9x9 Club,https://edgein.io/companies/9x9-club/
A101,https://edgein.io/companies/a101/
A2DAO,https://edgein.io/companies/a2dao/
A3.AI,https://edgein.io/companies/a3.ai
A3logics,https://edgein.io/companies/a3logics/
a3Pay,https://edgein.io/companies/a3pay/
A4 FinanceA4,https://edgein.io/companies/a4-finance/
AAA Foundation,https://edgein.io/companies/aaa-foundation/
Aabasoft USA,https://edgein.io/companies/aabasoft-usa/
aacr3,https://edgein.io/companies/aacr3/
Aadya ,https://edgein.io/companies/aadya-/
AAG VenturesAAG,https://edgein.io/companies/aag-ventures/
AarmaARMA,https://edgein.io/companies/aarma/
AAT Networks,https://edgein.io/companies/aat-networks/
aaurelion,https://edgein.io/companies/aaurelion/
AaveAAVE,https://edgein.io/companies/aave/
AavegotchiGHST,https://edgein.io/companies/aavegotchi/
AAX,https://edgein.io/companies/aax/
AB2 Gallery,https://edgein.io/companies/ab2-gallery/
AbacasXchange,https://edgein.io/companies/abacasxchange/
AbachiABI,https://edgein.io/companies/abachi/
Abacus,https://edgein.io/companies/abacus/
Abalit Technologies,https://edgein.io/companies/abalit-technologies/
ABBCABBC,https://edgein.io/companies/abbc/
ABC Blockchain Community,https://edgein.io/companies/abc-blockchain-community/
ABCCAT,https://edgein.io/companies/abcc/
ABC Partners,https://edgein.io/companies/abc-partners/
AbeatsAHE,https://edgein.io/companies/abeats/
Abed Group,https://edgein.io/companies/abed-group/
ABE Global,https://edgein.io/companies/abe-global/
Abelian Technologies: Blockchain Solutions,https://edgein.io/companies/abelian-technologies-blockchain-solutions/
AbeyABEY,https://edgein.io/companies/abey/
Abhiwan Technology,https://edgein.io/companies/abhiwan-technology/
ABI Galaverse,https://edgein.io/companies/abi-galaverse/
Abila,https://edgein.io/companies/abila/
Abiliti,https://edgein.io/companies/abiliti/
Abitcompany,https://edgein.io/companies/abitcompany/
ABMedia,https://edgein.io/companies/abmedia/
ABN TECH CORP,https://edgein.io/companies/abn-tech-corp/
ABQBitcoins,https://edgein.io/companies/abqbitcoins/
Abra,https://edgein.io/companies/abra/
Abracadabra.MoneySPELL,https://edgein.io/companies/abracadabramoney/
Abrakadabra Games,https://edgein.io/companies/abrakadabra-games/
Abridged,https://edgein.io/companies/abridged/
Absolute Labs,https://edgein.io/companies/absolute-labs/
Absolutely Nothing,https://edgein.io/companies/absolutely-nothing/
Absolute SyncAST,https://edgein.io/companies/absolute-sync/
Absorber,https://edgein.io/companies/absorber/
Abstraction Labs,https://edgein.io/companies/abstraction-labs/
abstracto.studio,https://edgein.io/companies/abstracto.studio
Abstract Rembrandt,https://edgein.io/companies/abstract-rembrandt/
Abstrakt,https://edgein.io/companies/abstrakt/
absurdia,https://edgein.io/companies/absurdia/
ABT,https://edgein.io/companies/abt/
Abto Software,https://edgein.io/companies/abto-software/
Abulé,https://edgein.io/companies/abul%C3%A9/
Abura FarmABU,https://edgein.io/companies/abura-farm/
Abyss,https://edgein.io/companies/abyss/
Abytes,https://edgein.io/companies/abytes/
ACAACA,https://edgein.io/companies/aca/
AcadArena,https://edgein.io/companies/acadarena/
Academia21,https://edgein.io/companies/academia21/
Acala NetworkLDOT,https://edgein.io/companies/acala-network/
AcarDEX,https://edgein.io/companies/acardex/
Accel DefiACCEL,https://edgein.io/companies/accel-defi/
Accelerace,https://edgein.io/companies/accelerace/
Accelerator Frankfurt GmbH,https://edgein.io/companies/accelerator-frankfurt-gmbh/
Acceleron Labs,https://edgein.io/companies/acceleron-labs/
ACCELLERRA,https://edgein.io/companies/accellerra/
AcceptCrypto,https://edgein.io/companies/acceptcrypto/
ACCESS,https://edgein.io/companies/access/
ACCESS (Association of Crypto Currency Enterprises and Start-ups Singapore),https://edgein.io/companies/access-(association-of-crypto-currency-enterprises-and-start-ups-singapore)/
ACCESS Blockchain Association Malaysia,https://edgein.io/companies/access-blockchain-association-malaysia/
Accqrate,https://edgein.io/companies/accqrate/
Accruvia,https://edgein.io/companies/accruvia/
Accubits,https://edgein.io/companies/accubits/
ACCUDIRE,https://edgein.io/companies/accudire/
AccumulateWACME,https://edgein.io/companies/accumulate/
ACDXACXT,https://edgein.io/companies/acdx/
Ace CashACEC,https://edgein.io/companies/ace-cash/
Aced [OLD]ACED,https://edgein.io/companies/aced-[old]/
Acelerex,https://edgein.io/companies/acelerex/
AcentACE,https://edgein.io/companies/acent/
Aces,https://edgein.io/companies/aces/
AceStarterASTAR,https://edgein.io/companies/acestarter/
AcetACT,https://edgein.io/companies/acet/
AchainACT,https://edgein.io/companies/achain/
Achiefy,https://edgein.io/companies/achiefy/
Achiva.Network,https://edgein.io/companies/achiva.network
aciana,https://edgein.io/companies/aciana/
Acies,https://edgein.io/companies/acies/
ACINQ,https://edgein.io/companies/acinq/
Ackee Blockchain,https://edgein.io/companies/ackee-blockchain/
AckerWorx,https://edgein.io/companies/ackerworx/
AcknoLedgerACK,https://edgein.io/companies/acknoledger/
Aclaró,https://edgein.io/companies/aclar%C3%B3/
Acme Innovation,https://edgein.io/companies/acme-innovation/
ACME LABS,https://edgein.io/companies/acme-labs/
acochain,https://edgein.io/companies/acochain/
ACoconutAC,https://edgein.io/companies/acoconut/
Acorns,https://edgein.io/companies/acorns/
AcornSwap,https://edgein.io/companies/acornswap/
Acova Marketplace,https://edgein.io/companies/acova-marketplace/
ACQR,https://edgein.io/companies/acqr/
Acquicent,https://edgein.io/companies/acquicent/
Acquire,https://edgein.io/companies/acquire/
Acquire.FiACQ,https://edgein.io/companies/acquire.fi
Acreage CoinACR,https://edgein.io/companies/acreage-coin/
ACRE World,https://edgein.io/companies/acre-world/
Across,https://edgein.io/companies/across/
ACRYL,https://edgein.io/companies/acryl/
Acta,https://edgein.io/companies/acta/
Acta Finance,https://edgein.io/companies/acta-finance/
ACTAI Global,https://edgein.io/companies/actai-global/
ACT Games,https://edgein.io/companies/act-games/
ActifitAFIT,https://edgein.io/companies/actifit/
ActiniumACM,https://edgein.io/companies/actinium/
Action CoinACTN,https://edgein.io/companies/action-coin/
Activa,https://edgein.io/companies/activa/
Activate,https://edgein.io/companies/activate/
Activate Class,https://edgein.io/companies/activate-class/
Activators,https://edgein.io/companies/activators/
Active Media Platform,https://edgein.io/companies/active-media-platform/
Actxa,https://edgein.io/companies/actxa/
AcumenACM,https://edgein.io/companies/acumen/
Acumira,https://edgein.io/companies/acumira/
Acunor,https://edgein.io/companies/acunor/
Acura Network,https://edgein.io/companies/acura-network/
Acurast,https://edgein.io/companies/acurast/
ACY FinanceACY,https://edgein.io/companies/acy-finance/
AD3 Art,https://edgein.io/companies/ad3-art/
AD4th Insight,https://edgein.io/companies/ad4th-insight/
ADAB Solutions,https://edgein.io/companies/adab-solutions/
ADADaoADAO,https://edgein.io/companies/adadao/
AdalendADAL,https://edgein.io/companies/adalend/
AdamantADDY,https://edgein.io/companies/adamant/
AdamantADMC,https://edgein.io/companies/adamant-2/
Adamant & Grand Ltd.,https://edgein.io/companies/adamant-&-grand-ltd./
ADAM MALIK 1989,https://edgein.io/companies/adam-malik-1989/
Adamnite,https://edgein.io/companies/adamnite/
ADAMOracleADAM,https://edgein.io/companies/adamoracle/
Adamo Technology,https://edgein.io/companies/adamo-technology/
Adanian Labs,https://edgein.io/companies/adanian-labs/
ADA Ninjaz,https://edgein.io/companies/ada-ninjaz/
Adapt Corporation,https://edgein.io/companies/adapt-corporation/
Adaptive Code,https://edgein.io/companies/adaptive-code/
Adaptive Media,https://edgein.io/companies/adaptive-media/
Ada Realm,https://edgein.io/companies/ada-realm/
Adarsa Services,https://edgein.io/companies/adarsa-services/
AdaSwapASW,https://edgein.io/companies/adaswap/
Adawire,https://edgein.io/companies/adawire/
ADAXADAX,https://edgein.io/companies/adax/
ADDALIA,https://edgein.io/companies/addalia/
AddBloom,https://edgein.io/companies/addbloom/
Addi Bloger,https://edgein.io/companies/addi-bloger/
Additum Blockchain,https://edgein.io/companies/additum-blockchain/
ADDUS Technologies,https://edgein.io/companies/addus-technologies/
ADDX,https://edgein.io/companies/addx/
ADD.xyz,https://edgein.io/companies/add.xyz
Add.xyz (NEW)ADD,https://edgein.io/companies/add.xyz-(new)
Adel,https://edgein.io/companies/adel/
Adela Investment,https://edgein.io/companies/adela-investment/
Adel Ecosystem Ltd.,https://edgein.io/companies/adel-ecosystem-ltd./
AdeneADEN,https://edgein.io/companies/adene/
ADe Technologies,https://edgein.io/companies/ade-technologies/
AdHash,https://edgein.io/companies/adhash/
AdHive,https://edgein.io/companies/adhive/
Adhoco AG,https://edgein.io/companies/adhoco-ag/
Adidas,https://edgein.io/companies/adidas/
Adidas Metaverse,https://edgein.io/companies/adidas-metaverse/
Adigeni,https://edgein.io/companies/adigeni/
Adim,https://edgein.io/companies/adim/
AditusADI,https://edgein.io/companies/aditus/
AdLedger,https://edgein.io/companies/adledger/
ADMCO (Alberta Digital Mining Company Inc.),https://edgein.io/companies/admco/
"Administrative Claim Service, Inc.","https://edgein.io/companies/administrative-claim-service,-inc./"
ADN Coin,https://edgein.io/companies/adn-coin/
AdNode,https://edgein.io/companies/adnode/
ADOM Inc.,https://edgein.io/companies/adom-inc./
ADO.NetworkADO,https://edgein.io/companies/ado.network
Adongo Blockchain Ltd,https://edgein.io/companies/adongo-blockchain-ltd/
AdonisADON,https://edgein.io/companies/adonis/
AdoraARA,https://edgein.io/companies/adora/
Adorebits Technology,https://edgein.io/companies/adorebits-technology/
Adormo,https://edgein.io/companies/adormo/
Adosia,https://edgein.io/companies/adosia/
AdPixo,https://edgein.io/companies/adpixo/
AdRealm,https://edgein.io/companies/adrealm/
Adrox IO,https://edgein.io/companies/adrox-io/
ADR Technologies,https://edgein.io/companies/adr-technologies/
Adscape Digital,https://edgein.io/companies/adscape-digital/
AdsDax,https://edgein.io/companies/adsdax/
AdsharesADS,https://edgein.io/companies/adshares/
Ads Social,https://edgein.io/companies/ads-social/
Adsterra,https://edgein.io/companies/adsterra/
ADTsys Data Cloud,https://edgein.io/companies/adtsys-data-cloud/
Adune,https://edgein.io/companies/adune/
Advanca Network,https://edgein.io/companies/advanca-network/
Advanced Bitcoin Technologies,https://edgein.io/companies/advanced-bitcoin-technologies/
Advanced Blockchain,https://edgein.io/companies/advanced-blockchain/
Advanced Integrated BlocksAIB,https://edgein.io/companies/advanced-integrated-blocks/
Advanced Secure Technologies,https://edgein.io/companies/advanced-secure-technologies/
Advanced Technology CoinARC,https://edgein.io/companies/advanced-technology-coin/
Advancing AI Wisconsin,https://edgein.io/companies/advancing-ai-wisconsin/
advata (formely Lumedic),https://edgein.io/companies/advata-(formely-lumedic)/
AdvCash,https://edgein.io/companies/advcash/
AdventureTWA,https://edgein.io/companies/adventure/
Adventure Time,https://edgein.io/companies/adventure-time/
Adwatch,https://edgein.io/companies/adwatch/
ADX International,https://edgein.io/companies/adx-international/
AEBISS Inc.,https://edgein.io/companies/aebiss-inc./
Aegas,https://edgein.io/companies/aegas/
AegisAGS,https://edgein.io/companies/aegis/
Aegis FinServ Corp™,https://edgein.io/companies/aegis-finserv-corp%E2%84%A2/
ælf,https://edgein.io/companies/%C3%A6lf/
AelinAELIN,https://edgein.io/companies/aelin/
AEM Algorithm,https://edgein.io/companies/aem-algorithm/
Aenco,https://edgein.io/companies/aenco/
Aeneas,https://edgein.io/companies/aeneas/
AEONAEON,https://edgein.io/companies/aeon/
AEON Law,https://edgein.io/companies/aeon-law/
Aequalis,https://edgein.io/companies/aequalis/
AerariumChain,https://edgein.io/companies/aerariumchain/
Aerarium FiAERA,https://edgein.io/companies/aerarium-fi/
AerdropAER,https://edgein.io/companies/aerdrop/
AergoAERGO,https://edgein.io/companies/aergo/
AeroBased,https://edgein.io/companies/aerobased/
Aeron LabsARNX,https://edgein.io/companies/aeron-labs/
Aeros,https://edgein.io/companies/aeros/
AEROTOKENAET,https://edgein.io/companies/aerotoken/
AerotyneATYNE,https://edgein.io/companies/aerotyne/
Aerovek AviationAERO,https://edgein.io/companies/aerovek-aviation/
AES,https://edgein.io/companies/aes/
AesirX,https://edgein.io/companies/aesirx/
AesthetesELS,https://edgein.io/companies/aesthetes/
Aesthetic,https://edgein.io/companies/aesthetic/
Aesthetic Lifestyle Experience Club,https://edgein.io/companies/aesthetic-lifestyle-experience-club/
AeternaAETERNA,https://edgein.io/companies/aeterna/
AeternityAE,https://edgein.io/companies/aeternity/
Aeternity Crypto Foundation,https://edgein.io/companies/aeternity-crypto-foundation/
Aether,https://edgein.io/companies/aether/
Aether Games Inc.,https://edgein.io/companies/aether-games-inc./
AetheriusAETH,https://edgein.io/companies/aetherius/
Aetlo Tech,https://edgein.io/companies/aetlo-tech/
Aetna,https://edgein.io/companies/aetna/
AEToken,https://edgein.io/companies/aetoken/
Aetsoft,https://edgein.io/companies/aetsoft/
AE VENTURES,https://edgein.io/companies/ae-ventures/
AE Ventures,https://edgein.io/companies/ae-ventures2/
Afen Blockchain Group,https://edgein.io/companies/afen-blockchain-group/
AffiliateCoin,https://edgein.io/companies/affiliatecoin/
Affiliate DAO,https://edgein.io/companies/affiliate-dao/
Affilium Network,https://edgein.io/companies/affilium-network/
Affine,https://edgein.io/companies/affine/
Affinidi,https://edgein.io/companies/affinidi/
Affinity [OLD]AFFINITY,https://edgein.io/companies/affinity-old/
Afflarium,https://edgein.io/companies/afflarium/
Affogato,https://edgein.io/companies/affogato/
Affordable Tax & Accounting,https://edgein.io/companies/affordable-tax-&-accounting/
AffynFYN,https://edgein.io/companies/affyn/
AfricaDAOAFRICA,https://edgein.io/companies/aficadao/
AFintech,https://edgein.io/companies/afintech/
AFKDAOAFK,https://edgein.io/companies/afkdao/
AFOMA,https://edgein.io/companies/afoma/
AfrepAFREP,https://edgein.io/companies/afrep/
AfreumAFR,https://edgein.io/companies/afreum/
Africa Blockchain Institute,https://edgein.io/companies/africa-blockchain-institute/
Africa Blockchain University,https://edgein.io/companies/africa-blockchain-university/
AfricaDAO,https://edgein.io/companies/africadao/
African Blockchain Centre for Developers,https://edgein.io/companies/african-blockchain-centre-for-developers/
African Valuables Collective,https://edgein.io/companies/african-valuables-collective/
Afridom,https://edgein.io/companies/afridom/
Afriguild,https://edgein.io/companies/afriguild/
AfrixAFX,https://edgein.io/companies/afrix/
Afropolitan,https://edgein.io/companies/afropolitan/
Afrosoft IT Solutions,https://edgein.io/companies/afrosoft-it-solutions/
AfrostarAFRO,https://edgein.io/companies/afrostar/
AfroVerse,https://edgein.io/companies/afroverse/
Aftermath Islands,https://edgein.io/companies/aftermath-islands/
Afternic,https://edgein.io/companies/afternic/
Afterparty,https://edgein.io/companies/afterparty/
AfyaChapChap,https://edgein.io/companies/afyachapchap/
Afya Rekod,https://edgein.io/companies/afya-rekod/
AGAAGA,https://edgein.io/companies/aga/
